"","x"
"1","NDARINV00LJVZK2"
"2","NDARINV00U4FTRU"
"3","NDARINV0314RN9P"
"4","NDARINV03KMHMJJ"
"5","NDARINV04YC4RXD"
"6","NDARINV05T64PXD"
"7","NDARINV06DJHEV0"
"8","NDARINV085CYDEZ"
"9","NDARINV0CV2Y4YR"
"10","NDARINV0DYF4WPG"
"11","NDARINV0GZN1747"
"12","NDARINV0HB853U9"
"13","NDARINV0J2UAG61"
"14","NDARINV0JAG7BGC"
"15","NDARINV0KTEM27A"
"16","NDARINV0LDK94T8"
"17","NDARINV0LEM88KP"
"18","NDARINV0LXYGL0Y"
"19","NDARINV0MCARYLD"
"20","NDARINV0ML93ZXT"
"21","NDARINV0MPBK7TU"
"22","NDARINV0P34UPZ9"
"23","NDARINV0PKCP1P3"
"24","NDARINV0PR0WY8F"
"25","NDARINV0UMM15GY"
"26","NDARINV0UPRUMA1"
"27","NDARINV0YWBYAGP"
"28","NDARINV10TEADFM"
"29","NDARINV11V7NWED"
"30","NDARINV13FP25D3"
"31","NDARINV155U91DU"
"32","NDARINV19YE2JCZ"
"33","NDARINV1AFNKM8M"
"34","NDARINV1D95ZF1L"
"35","NDARINV1ERVN8M1"
"36","NDARINV1F953XCP"
"37","NDARINV1JXDFV9Z"
"38","NDARINV1L5VJRZG"
"39","NDARINV1LC5DBRK"
"40","NDARINV1LW4GJ4L"
"41","NDARINV1NJVJ6VN"
"42","NDARINV1NV489TJ"
"43","NDARINV1NW3HM13"
"44","NDARINV1UNYCP25"
"45","NDARINV1UWWV5JP"
"46","NDARINV1V7XPJKR"
"47","NDARINV1V9TCMZW"
"48","NDARINV1WL8U6A7"
"49","NDARINV1ZKDLXEY"
"50","NDARINV20CNYBBC"
"51","NDARINV20NDWAH8"
"52","NDARINV22LW15TV"
"53","NDARINV237NFLEB"
"54","NDARINV24K5YJBG"
"55","NDARINV24MJ2521"
"56","NDARINV261DYG6H"
"57","NDARINV26UB5CFA"
"58","NDARINV27BWKVV0"
"59","NDARINV2AKULJ38"
"60","NDARINV2AKVW3V7"
"61","NDARINV2DTHE81G"
"62","NDARINV2H2UTYYP"
"63","NDARINV2J3D85NJ"
"64","NDARINV2LD0E2FB"
"65","NDARINV2TRERCDA"
"66","NDARINV2VY7YYNW"
"67","NDARINV2Z032PK4"
"68","NDARINV32P8UGE7"
"69","NDARINV34BZY5KP"
"70","NDARINV361NRHEX"
"71","NDARINV36ZHEYW9"
"72","NDARINV37FTP2A7"
"73","NDARINV37XJVFZN"
"74","NDARINV37ZMYZNR"
"75","NDARINV38MJNWUT"
"76","NDARINV39YKNJFD"
"77","NDARINV3B70AX8C"
"78","NDARINV3BL9Z315"
"79","NDARINV3E0WVH3G"
"80","NDARINV3GFD7GXB"
"81","NDARINV3H54D8DK"
"82","NDARINV3MANP3Y8"
"83","NDARINV3N6L8Z9U"
"84","NDARINV3P1U2ABW"
"85","NDARINV3YCZGP8H"
"86","NDARINV3YKLWXF1"
"87","NDARINV3Z6H5XU0"
"88","NDARINV3ZHEYRWE"
"89","NDARINV402278X9"
"90","NDARINV41KABJ1Z"
"91","NDARINV41L5KPJC"
"92","NDARINV4206Z9NR"
"93","NDARINV425C3PNM"
"94","NDARINV42LK7GJJ"
"95","NDARINV439CWGCM"
"96","NDARINV43AFH5U4"
"97","NDARINV43TD8G0E"
"98","NDARINV43VWMCUC"
"99","NDARINV45F6VJ4T"
"100","NDARINV45WKYG93"
"101","NDARINV47W6DHJC"
"102","NDARINV49EG90M3"
"103","NDARINV4BFTB73U"
"104","NDARINV4BXZZV14"
"105","NDARINV4C2YD3TH"
"106","NDARINV4C6LDFJF"
"107","NDARINV4EK87DJK"
"108","NDARINV4FR29VNY"
"109","NDARINV4G3XF9GX"
"110","NDARINV4GTMLDUE"
"111","NDARINV4LPXB23R"
"112","NDARINV4P9B9PGN"
"113","NDARINV4PYRUPX6"
"114","NDARINV4T2VAM3Y"
"115","NDARINV4TB7WE3E"
"116","NDARINV4UZ5M3N6"
"117","NDARINV4VVRLBUW"
"118","NDARINV4WU2W91W"
"119","NDARINV4YLARH23"
"120","NDARINV4Z38T1RY"
"121","NDARINV4ZTRVWH5"
"122","NDARINV52PY7ZPT"
"123","NDARINV533LX1UY"
"124","NDARINV53BA6MNE"
"125","NDARINV53EP1G5X"
"126","NDARINV54EF1FZJ"
"127","NDARINV54YW796D"
"128","NDARINV55285WTD"
"129","NDARINV55R9F7EX"
"130","NDARINV56KML05T"
"131","NDARINV56L57G10"
"132","NDARINV57F63WRL"
"133","NDARINV583EKH0A"
"134","NDARINV5C6NT3K7"
"135","NDARINV5E1VA5Z1"
"136","NDARINV5G3DP835"
"137","NDARINV5KGZR02X"
"138","NDARINV5NZW4ZBJ"
"139","NDARINV5T6VPW2C"
"140","NDARINV5TT4VN2V"
"141","NDARINV5X1ZU6Z5"
"142","NDARINV5XZZKLKM"
"143","NDARINV5YHWBYRD"
"144","NDARINV5ZKVPJ7T"
"145","NDARINV60TVEFTU"
"146","NDARINV61VV3W6U"
"147","NDARINV61ZHGXE4"
"148","NDARINV64EVZUTB"
"149","NDARINV654DRYXT"
"150","NDARINV67TUZJU7"
"151","NDARINV6D3TTBKJ"
"152","NDARINV6D9PKM7V"
"153","NDARINV6EJF2KCZ"
"154","NDARINV6G0MHGHA"
"155","NDARINV6GNKZJJN"
"156","NDARINV6J9EV4DL"
"157","NDARINV6NRB61V1"
"158","NDARINV6NYCB4Y6"
"159","NDARINV6P3M2G8K"
"160","NDARINV6RPBF276"
"161","NDARINV6T5W1GHZ"
"162","NDARINV6U7X519L"
"163","NDARINV6VFFYA3R"
"164","NDARINV6VN12UTG"
"165","NDARINV6XBTPUAH"
"166","NDARINV6XM2BBV2"
"167","NDARINV6YFG0ZXV"
"168","NDARINV702TNTVC"
"169","NDARINV76XDC3CZ"
"170","NDARINV77M916PU"
"171","NDARINV784C061J"
"172","NDARINV79KGLZX3"
"173","NDARINV7E2LV7HF"
"174","NDARINV7F1N85W0"
"175","NDARINV7GTT6FAU"
"176","NDARINV7GYDJXB0"
"177","NDARINV7J8ECUH7"
"178","NDARINV7JERJG3Z"
"179","NDARINV7JGE0MH9"
"180","NDARINV7JTB8FL3"
"181","NDARINV7K1MZVU9"
"182","NDARINV7KB5VY4J"
"183","NDARINV7LY97KWM"
"184","NDARINV7N4MXK3N"
"185","NDARINV7N9P7K46"
"186","NDARINV7R43BC6Z"
"187","NDARINV7TV9UT40"
"188","NDARINV7X7GDHBZ"
"189","NDARINV7XMDVMD9"
"190","NDARINV7Y7JEGPW"
"191","NDARINV7ZE3WGCX"
"192","NDARINV804917DP"
"193","NDARINV85W58U88"
"194","NDARINV8666P5JN"
"195","NDARINV88JX7RKX"
"196","NDARINV88PHXJ3C"
"197","NDARINV897CW9GM"
"198","NDARINV8BG4EF9Y"
"199","NDARINV8C983NCV"
"200","NDARINV8H821RXE"
"201","NDARINV8JHCHHNT"
"202","NDARINV8KUKEWXK"
"203","NDARINV8L7MBY64"
"204","NDARINV8LZNH731"
"205","NDARINV8MC7B79X"
"206","NDARINV8MYFRL4J"
"207","NDARINV8PH0EZAT"
"208","NDARINV8WTKMETK"
"209","NDARINV8XTC7XWY"
"210","NDARINV8YAAWZ1X"
"211","NDARINV90MAZ9N7"
"212","NDARINV90RWGDAR"
"213","NDARINV915YKBPY"
"214","NDARINV91MTH18D"
"215","NDARINV93BC5F04"
"216","NDARINV94LUVVX8"
"217","NDARINV956C4ZGG"
"218","NDARINV95L3764E"
"219","NDARINV963N6B2W"
"220","NDARINV96LJXHD0"
"221","NDARINV97K3KGF4"
"222","NDARINV9AH5WYA7"
"223","NDARINV9ANUKVD0"
"224","NDARINV9EM32PUW"
"225","NDARINV9EVRB30H"
"226","NDARINV9G2Y1NLA"
"227","NDARINV9JCYGTV3"
"228","NDARINV9JLEZ6WE"
"229","NDARINV9KCVTWFZ"
"230","NDARINV9NN5G173"
"231","NDARINV9R5J1TC2"
"232","NDARINV9R9GRUXU"
"233","NDARINV9TYHLK5T"
"234","NDARINV9UL0YHV1"
"235","NDARINV9UV6PK7Y"
"236","NDARINV9VU6KMC8"
"237","NDARINV9W62GG8X"
"238","NDARINV9WJ1WBFC"
"239","NDARINV9Z0LE0BL"
"240","NDARINV9ZMB5YUX"
"241","NDARINVA2T7V5L9"
"242","NDARINVA3VX7WRD"
"243","NDARINVA4EVCYRA"
"244","NDARINVA4N4XMZ4"
"245","NDARINVA6N6NV10"
"246","NDARINVA7CLY4PL"
"247","NDARINVA7PB1MWM"
"248","NDARINVA9E5RPZH"
"249","NDARINVA9H3WMHD"
"250","NDARINVACKXV1WP"
"251","NDARINVAD301F7N"
"252","NDARINVAD8N7RW7"
"253","NDARINVADJMFTFP"
"254","NDARINVAF517NF3"
"255","NDARINVAGP8V8LW"
"256","NDARINVAH6KK71Y"
"257","NDARINVAJNNT0JH"
"258","NDARINVAKF1Z0JV"
"259","NDARINVAKPAUM7W"
"260","NDARINVALKAWEWB"
"261","NDARINVALWW1VUJ"
"262","NDARINVAMLLW49U"
"263","NDARINVAN03AH80"
"264","NDARINVANUGPBR4"
"265","NDARINVAPWWNB9N"
"266","NDARINVAU2AGPUR"
"267","NDARINVAUG6P848"
"268","NDARINVAV034AUW"
"269","NDARINVAV4XUTD7"
"270","NDARINVAWLTFU9P"
"271","NDARINVAWYGG9MN"
"272","NDARINVAXGVYABC"
"273","NDARINVAY223C4J"
"274","NDARINVAZCBM6MW"
"275","NDARINVB4CA1YNH"
"276","NDARINVB5XPKWGZ"
"277","NDARINVB7BG5TYR"
"278","NDARINVBBH4GW2D"
"279","NDARINVBE0PREAC"
"280","NDARINVBFGLJHYJ"
"281","NDARINVBG7ZM9D2"
"282","NDARINVBJYZ741F"
"283","NDARINVBK0V5AJK"
"284","NDARINVBMTP1HD9"
"285","NDARINVBPB9W02P"
"286","NDARINVBTTCJX9R"
"287","NDARINVBUBD3WNE"
"288","NDARINVBUWRGTG6"
"289","NDARINVBXK5N7Y1"
"290","NDARINVBZTF233W"
"291","NDARINVC33HFY1D"
"292","NDARINVC3E7K9A7"
"293","NDARINVC4HPTXKN"
"294","NDARINVC53FTV59"
"295","NDARINVCBPYR2EY"
"296","NDARINVCBV85UMM"
"297","NDARINVCDNAUD1U"
"298","NDARINVCDP4CRFV"
"299","NDARINVCFCXNV7G"
"300","NDARINVCL18941F"
"301","NDARINVCL50XAPB"
"302","NDARINVCMGFWG2E"
"303","NDARINVCP16BG12"
"304","NDARINVCP3Z2564"
"305","NDARINVCP854T1A"
"306","NDARINVCPKCD2H0"
"307","NDARINVCPYLG68G"
"308","NDARINVCVK8YHVR"
"309","NDARINVCY4X20TC"
"310","NDARINVCY51KY08"
"311","NDARINVD11Y7BH7"
"312","NDARINVD1MG320G"
"313","NDARINVD2V80DW2"
"314","NDARINVD32LCBUY"
"315","NDARINVD3GNFZJJ"
"316","NDARINVD505AZ4G"
"317","NDARINVD5FWJDCY"
"318","NDARINVD6U7VKP6"
"319","NDARINVD7D90WV5"
"320","NDARINVD7RR0C8L"
"321","NDARINVD806H93D"
"322","NDARINVD84HH9B1"
"323","NDARINVDCTNAUD1"
"324","NDARINVDG951Z11"
"325","NDARINVDGTRNE7V"
"326","NDARINVDH29TC6V"
"327","NDARINVDJ22WEAT"
"328","NDARINVDPMB558X"
"329","NDARINVDR4CWHTM"
"330","NDARINVDTRERMG2"
"331","NDARINVDTWEMX2Z"
"332","NDARINVDU8NAVRN"
"333","NDARINVDVEWNJZ1"
"334","NDARINVDX7DPE6L"
"335","NDARINVDYPE3LNV"
"336","NDARINVDZ1H9HTE"
"337","NDARINVE0577FC4"
"338","NDARINVE3F19GUV"
"339","NDARINVE3NPVWW3"
"340","NDARINVE3V8C4N5"
"341","NDARINVE4PWCYC0"
"342","NDARINVE7ZTHWWW"
"343","NDARINVEB844BJA"
"344","NDARINVED51W527"
"345","NDARINVEFCEPKCD"
"346","NDARINVEJHM574R"
"347","NDARINVEK9B02NP"
"348","NDARINVEL8GFR7G"
"349","NDARINVENKLYX1L"
"350","NDARINVEP0DL4X4"
"351","NDARINVEPMR7U1F"
"352","NDARINVERWG31K7"
"353","NDARINVET5DBKFV"
"354","NDARINVETWT6P43"
"355","NDARINVEU6NMEWP"
"356","NDARINVEW9ZPKZK"
"357","NDARINVEWDP96RH"
"358","NDARINVF0KJB1P2"
"359","NDARINVF3FYXH1G"
"360","NDARINVF3RDG1N2"
"361","NDARINVF3V98C81"
"362","NDARINVF68FFNZG"
"363","NDARINVF8GDZ06Y"
"364","NDARINVFA3PW5BW"
"365","NDARINVFBU7WX6N"
"366","NDARINVFCN9U0EN"
"367","NDARINVFD0FRKNT"
"368","NDARINVFDU2XP47"
"369","NDARINVFF1W5WM0"
"370","NDARINVFNFNACAZ"
"371","NDARINVFX83EZC7"
"372","NDARINVFXC7A0T2"
"373","NDARINVFZ97ZA0Z"
"374","NDARINVFZCKB9W4"
"375","NDARINVG0ZNL58U"
"376","NDARINVG19M2F39"
"377","NDARINVG1TXFJX2"
"378","NDARINVG3LY0X86"
"379","NDARINVG4LNRMF9"
"380","NDARINVG5PJ5J8K"
"381","NDARINVG8B9LC6Y"
"382","NDARINVG9KR5UXZ"
"383","NDARINVGCRW4PDT"
"384","NDARINVGCWWLH04"
"385","NDARINVGEBCYD1G"
"386","NDARINVGEUD7WNN"
"387","NDARINVGLRAHCZN"
"388","NDARINVGMCEHMN0"
"389","NDARINVGMGNXAV7"
"390","NDARINVGNBTJYEB"
"391","NDARINVGNHMJJTD"
"392","NDARINVGNKUYWNE"
"393","NDARINVGR223RR6"
"394","NDARINVGTVKTXXU"
"395","NDARINVGUBG700J"
"396","NDARINVGUEFFMBB"
"397","NDARINVGWG4RUR9"
"398","NDARINVGXLA7YG5"
"399","NDARINVGXUMDLPL"
"400","NDARINVGYZ787M8"
"401","NDARINVH0474HRG"
"402","NDARINVH1A3JG9F"
"403","NDARINVH37LMD3K"
"404","NDARINVH3MZK10Z"
"405","NDARINVH49WAHRY"
"406","NDARINVH4U16H28"
"407","NDARINVH5JWK5CC"
"408","NDARINVH8DWLYJF"
"409","NDARINVH8G09YY7"
"410","NDARINVH9U0HZ23"
"411","NDARINVHBCXW11P"
"412","NDARINVHEM6RAEH"
"413","NDARINVHF0XT8CF"
"414","NDARINVHFDKX3LR"
"415","NDARINVHFHTPJ5M"
"416","NDARINVHFP40U49"
"417","NDARINVHJDFAMYD"
"418","NDARINVHK68MTVB"
"419","NDARINVHLLPEWJH"
"420","NDARINVHNR4UJ6G"
"421","NDARINVHPHV6ZU8"
"422","NDARINVHTTED1XW"
"423","NDARINVHWPWW944"
"424","NDARINVHYRM141T"
"425","NDARINVJ0130AZB"
"426","NDARINVJ06E2WET"
"427","NDARINVJ2LEG1ZN"
"428","NDARINVJ45XGZRF"
"429","NDARINVJ46KXBP8"
"430","NDARINVJ586JN4M"
"431","NDARINVJ67B8F0J"
"432","NDARINVJ6LK5CLK"
"433","NDARINVJCC8EVMK"
"434","NDARINVJE33Y96D"
"435","NDARINVJFBNGPAL"
"436","NDARINVJGY9JJPW"
"437","NDARINVJH7UFKKJ"
"438","NDARINVJNCTE6EN"
"439","NDARINVJPX8NVUZ"
"440","NDARINVJU8R73PG"
"441","NDARINVJVA79JYU"
"442","NDARINVJX8BERDK"
"443","NDARINVJXT9LVJP"
"444","NDARINVJZ13P7PY"
"445","NDARINVK0U3PRRR"
"446","NDARINVK0YRT0W7"
"447","NDARINVK2M95XYW"
"448","NDARINVK78X1G9D"
"449","NDARINVK9A553B8"
"450","NDARINVKAPXUG5A"
"451","NDARINVKE2PDM4E"
"452","NDARINVKF3MM2R1"
"453","NDARINVKFNWR98R"
"454","NDARINVKFU0Z1FD"
"455","NDARINVKJ648G0R"
"456","NDARINVKL523B72"
"457","NDARINVKLT2ZLDF"
"458","NDARINVKM0BYRA9"
"459","NDARINVKN0URLJE"
"460","NDARINVKRN7CKJV"
"461","NDARINVKT7E0NA1"
"462","NDARINVKTE32NVP"
"463","NDARINVKTN3FFWD"
"464","NDARINVKWYR8JMB"
"465","NDARINVKXEBWC6V"
"466","NDARINVKY6C0Z8R"
"467","NDARINVKYF90PFL"
"468","NDARINVKZE4Z6W0"
"469","NDARINVL00DXXD5"
"470","NDARINVL0M87H37"
"471","NDARINVL3B6LC0Z"
"472","NDARINVL5AY1R6V"
"473","NDARINVL5RBR153"
"474","NDARINVL70MDV52"
"475","NDARINVL7GB4EN0"
"476","NDARINVLB0H15T3"
"477","NDARINVLCHL1WZR"
"478","NDARINVLG9JZFNH"
"479","NDARINVLHGW76WM"
"480","NDARINVLHZWGFNU"
"481","NDARINVLN3392MM"
"482","NDARINVLP57P64D"
"483","NDARINVLP8Z7WGG"
"484","NDARINVLR6TMLK4"
"485","NDARINVLU2M4RX1"
"486","NDARINVLUCM81R3"
"487","NDARINVLUDF8E8N"
"488","NDARINVLUJH4U9P"
"489","NDARINVLUZ9DL2U"
"490","NDARINVLVW41722"
"491","NDARINVLXEAXZ7M"
"492","NDARINVLZHG1ZK6"
"493","NDARINVM1X8ZZTN"
"494","NDARINVM2MEJBDH"
"495","NDARINVM38PWW4W"
"496","NDARINVM3902G6F"
"497","NDARINVM89ZJM03"
"498","NDARINVM9KC36N1"
"499","NDARINVMAABD7MX"
"500","NDARINVMAZ34RE3"
"501","NDARINVMBD8R833"
"502","NDARINVMEMP96PP"
"503","NDARINVMEXEAWUY"
"504","NDARINVMG9REUL8"
"505","NDARINVMKC6DKGG"
"506","NDARINVMKNER6N9"
"507","NDARINVMKPR1T1N"
"508","NDARINVML3JWCTF"
"509","NDARINVMLYM06JU"
"510","NDARINVMR60CAWU"
"511","NDARINVMVT25ECP"
"512","NDARINVMWHAGKYU"
"513","NDARINVMWTUT7TZ"
"514","NDARINVMYUC7TV1"
"515","NDARINVN0T52ZWL"
"516","NDARINVN0XCHU07"
"517","NDARINVN1UYXP41"
"518","NDARINVN1V585NY"
"519","NDARINVN1YJZK64"
"520","NDARINVN2MD051W"
"521","NDARINVN3M2X26L"
"522","NDARINVN5VGRRXB"
"523","NDARINVN6MYRELB"
"524","NDARINVN98DVNK8"
"525","NDARINVNA0D3G9K"
"526","NDARINVNB6EVP2A"
"527","NDARINVNC2BCXWR"
"528","NDARINVNC7PM9RJ"
"529","NDARINVNCA4LR1R"
"530","NDARINVNCUV83U4"
"531","NDARINVNDF1FD44"
"532","NDARINVNEBJA9J9"
"533","NDARINVNHW1MYD8"
"534","NDARINVNT25VUY7"
"535","NDARINVNT4P4M2F"
"536","NDARINVNW2HYJL7"
"537","NDARINVP0UWHEP8"
"538","NDARINVP0WKD3JY"
"539","NDARINVP5PE9ZJW"
"540","NDARINVP9NTMNTN"
"541","NDARINVP9T34UK2"
"542","NDARINVPCVL3NDJ"
"543","NDARINVPD7VZY4U"
"544","NDARINVPDVYFN7E"
"545","NDARINVPE85EKXJ"
"546","NDARINVPEG2KF9H"
"547","NDARINVPGE70ZD4"
"548","NDARINVPJF841VD"
"549","NDARINVPKGZ9380"
"550","NDARINVPKK4CED4"
"551","NDARINVPP8UKJXY"
"552","NDARINVPR6CBWP9"
"553","NDARINVPUEXNZJU"
"554","NDARINVPUGJUJZ2"
"555","NDARINVPWWHBBJV"
"556","NDARINVPX3YX562"
"557","NDARINVPZ879XG6"
"558","NDARINVPZ9JZHZ4"
"559","NDARINVR01XKDF7"
"560","NDARINVR27YCM3P"
"561","NDARINVR28A45T6"
"562","NDARINVR2HJCC0M"
"563","NDARINVR3VTVCE5"
"564","NDARINVR6R1HRTP"
"565","NDARINVR7WFN9E7"
"566","NDARINVRAPG65HL"
"567","NDARINVRE21D0R9"
"568","NDARINVRE48TR17"
"569","NDARINVREFXMF6L"
"570","NDARINVRH6B02GB"
"571","NDARINVRH6ZTTH4"
"572","NDARINVRJLKFF0B"
"573","NDARINVRL1GM16T"
"574","NDARINVRMNMGK77"
"575","NDARINVRNEHTMV4"
"576","NDARINVRP0XB0ZR"
"577","NDARINVRR1EN55X"
"578","NDARINVRRR6XT5R"
"579","NDARINVRTD32ZG1"
"580","NDARINVRZC3LU8F"
"581","NDARINVT0JW7H6Z"
"582","NDARINVT23YJZWZ"
"583","NDARINVT48MJ3F9"
"584","NDARINVT58P12VM"
"585","NDARINVT6E1MJ14"
"586","NDARINVT6F8N4WR"
"587","NDARINVT6RAMNH2"
"588","NDARINVT88PYFND"
"589","NDARINVT8JB3RWP"
"590","NDARINVT9DL54AF"
"591","NDARINVT9T6G398"
"592","NDARINVTABF5AC1"
"593","NDARINVTADXZB2Y"
"594","NDARINVTAY698CJ"
"595","NDARINVTBJX7XV9"
"596","NDARINVTDBPZG5V"
"597","NDARINVTDCYY0EZ"
"598","NDARINVTEGHFYFP"
"599","NDARINVTFED6EEK"
"600","NDARINVTFJ2LGCD"
"601","NDARINVTG0P1M8M"
"602","NDARINVTHGB9701"
"603","NDARINVTJ3UDA2V"
"604","NDARINVTK4DJ93H"
"605","NDARINVTK5NYC8X"
"606","NDARINVTN9RVYB1"
"607","NDARINVTNVU9DYV"
"608","NDARINVTP6W072A"
"609","NDARINVTVGMJRN9"
"610","NDARINVTY9UFVZW"
"611","NDARINVTZCLUNW2"
"612","NDARINVU1THG28C"
"613","NDARINVU3CF21GV"
"614","NDARINVU3XLKGUY"
"615","NDARINVU3ZRYH6G"
"616","NDARINVU5V3JUB4"
"617","NDARINVU62X1GAH"
"618","NDARINVU9P37GDT"
"619","NDARINVUAYNYWT7"
"620","NDARINVUB6FN6XG"
"621","NDARINVUDBJ9V2N"
"622","NDARINVUGP7XGXD"
"623","NDARINVUHEK7K6F"
"624","NDARINVUJTA9MD9"
"625","NDARINVUKG8ND85"
"626","NDARINVUP8V663L"
"627","NDARINVURUR52NZ"
"628","NDARINVUTCRUX6L"
"629","NDARINVUTDG7ZWF"
"630","NDARINVUW2RRYUA"
"631","NDARINVUWLUMMVY"
"632","NDARINVUY1UGEA3"
"633","NDARINVUY636PFH"
"634","NDARINVUZY9W14J"
"635","NDARINVV2HGDTGK"
"636","NDARINVV44RDE6R"
"637","NDARINVV53R103B"
"638","NDARINVV5GRGPFP"
"639","NDARINVV7EUYJMM"
"640","NDARINVVBGCXHN4"
"641","NDARINVVEFD0RED"
"642","NDARINVVEN6KLB1"
"643","NDARINVVERH3XXB"
"644","NDARINVVEVJRL88"
"645","NDARINVVGVFRTZC"
"646","NDARINVVH9C9R1J"
"647","NDARINVVJ4BVBAV"
"648","NDARINVVJKH9K69"
"649","NDARINVVJYBNXUE"
"650","NDARINVVLC9RFM1"
"651","NDARINVVLZ1FB8Y"
"652","NDARINVVN646T2K"
"653","NDARINVVRATUJUU"
"654","NDARINVVRX7WTKX"
"655","NDARINVVWH7ZJJR"
"656","NDARINVVY5NYLL2"
"657","NDARINVW22EGAEE"
"658","NDARINVW2CN6FA3"
"659","NDARINVW51P7H05"
"660","NDARINVW6GWG9J4"
"661","NDARINVWAZU6V7T"
"662","NDARINVWBVTFEHK"
"663","NDARINVWE96D8HC"
"664","NDARINVWECA1JN4"
"665","NDARINVWH7LABN8"
"666","NDARINVWJG4X8JC"
"667","NDARINVWLMWBF2W"
"668","NDARINVWLNTC8GU"
"669","NDARINVWLX2MF41"
"670","NDARINVWM1W0UPC"
"671","NDARINVWM4B6L05"
"672","NDARINVWNBZJPCU"
"673","NDARINVWNGRHP6V"
"674","NDARINVWRFE4X5R"
"675","NDARINVWRX5TRT3"
"676","NDARINVWVC1ZRTC"
"677","NDARINVWVW0NNAD"
"678","NDARINVWWMFVX5N"
"679","NDARINVWXGW2FKF"
"680","NDARINVWY6VZCVE"
"681","NDARINVX0UKVDWM"
"682","NDARINVX1DYDC4B"
"683","NDARINVX225RA0Y"
"684","NDARINVX4UYLW56"
"685","NDARINVX51UNV1G"
"686","NDARINVX5L1CX2N"
"687","NDARINVX7KKFJ5E"
"688","NDARINVX7Y693LX"
"689","NDARINVX9DY5693"
"690","NDARINVX9N847R2"
"691","NDARINVXBB6NT2L"
"692","NDARINVXGDEB17G"
"693","NDARINVXJEFUNEP"
"694","NDARINVXKKY9HK5"
"695","NDARINVXLP913HM"
"696","NDARINVXMYHNHRX"
"697","NDARINVXN1RT0M9"
"698","NDARINVXNJ0GBYC"
"699","NDARINVXTKMXAXK"
"700","NDARINVXTRHH68Z"
"701","NDARINVXW0KCY31"
"702","NDARINVXYP99M7T"
"703","NDARINVXZ627WWU"
"704","NDARINVY04AT16M"
"705","NDARINVY1D0KCY0"
"706","NDARINVY5GHPDX4"
"707","NDARINVY7D03K18"
"708","NDARINVY84KMFCU"
"709","NDARINVYBC941EU"
"710","NDARINVYEH878VD"
"711","NDARINVYHC8PGG9"
"712","NDARINVYN1N2HYA"
"713","NDARINVYR1LYX8E"
"714","NDARINVYRW56GJ2"
"715","NDARINVYUZG9ZNP"
"716","NDARINVYYTGPBJA"
"717","NDARINVZ1A6W085"
"718","NDARINVZ2REMPTW"
"719","NDARINVZ4EUPN6C"
"720","NDARINVZ4NNCTMH"
"721","NDARINVZ8ZP1RDT"
"722","NDARINVZ9DDWGHW"
"723","NDARINVZF1WFHR3"
"724","NDARINVZF3VJWAN"
"725","NDARINVZFG1AXUD"
"726","NDARINVZFGRP1V9"
"727","NDARINVZHCK39Y1"
"728","NDARINVZLL8B2MA"
"729","NDARINVZM7EZFZF"
"730","NDARINVZMACPUER"
"731","NDARINVZNXT0TX2"
"732","NDARINVZTA7JACL"
"733","NDARINVZU6F3PY8"
"734","NDARINVZYRTFYRP"
"735","NDARINVZZZNB0XC"
